,Scale_ID,RawScore,DecileScore,C_Agency_Text,C_Sex_Code_Text,C_Ethnic_Code_Text,C_LegalStatus,C_Language,C_CustodyStatus,C_MaritalStatus,C_RecSupervisionLevelText,C_DisplayText,YearOfBirth
0,7,-2.08,4,2,1,Caucasian,5,0,0,4,1,0,92
1,7,-2.84,2,2,1,Caucasian,5,0,0,1,1,0,84
2,7,-1.2,8,2,1,No Caucasian,5,0,0,4,0,0,94
3,7,-1.29,7,2,0,No Caucasian,5,0,0,3,2,0,94
4,7,-2.9,2,2,0,No Caucasian,5,0,0,4,1,0,85
5,7,-1.33,7,2,1,No Caucasian,5,0,0,4,3,0,84
6,7,-3.01,1,2,0,Caucasian,5,0,0,4,1,0,66
7,7,-1.44,7,2,1,No Caucasian,5,0,0,4,3,0,93
8,7,-3.03,1,2,1,No Caucasian,5,0,0,1,1,0,72
9,7,-2.69,2,2,1,Caucasian,5,0,0,4,1,0,86
10,7,-0.92,9,2,1,No Caucasian,5,0,0,4,3,0,93
11,7,-3.15,1,2,1,Caucasian,5,0,0,4,1,0,80
12,7,-3.14,1,2,0,Caucasian,5,0,0,1,1,0,78
13,7,-2.33,3,2,0,No Caucasian,5,0,0,4,1,0,88
14,7,-2.2,4,2,0,No Caucasian,5,0,0,4,2,0,79
15,7,-3.63,1,2,1,No Caucasian,5,0,0,1,1,0,70
16,7,-2.28,3,2,1,Caucasian,5,0,0,4,1,0,91
17,7,-1.98,4,2,1,Caucasian,5,0,0,4,1,0,85
18,7,-3.0,1,3,1,Caucasian,4,0,4,4,1,0,84
19,7,-3.52,1,2,1,No Caucasian,4,0,4,4,1,0,75
20,7,-1.99,4,2,1,No Caucasian,5,0,0,1,2,0,73
21,7,-0.89,9,2,1,No Caucasian,5,0,0,4,0,0,88
22,7,-2.62,2,2,0,Caucasian,5,0,0,4,1,0,81
23,7,-2.33,3,2,1,Caucasian,5,0,0,4,1,0,89
24,7,-3.23,1,2,0,No Caucasian,5,0,0,4,1,0,80
25,7,-0.15,10,2,1,No Caucasian,5,0,0,4,0,0,75
26,7,-2.8,2,3,1,Caucasian,4,0,4,4,2,0,78
27,7,-1.87,5,3,1,No Caucasian,5,0,0,4,3,0,88
28,7,-1.18,8,2,1,Caucasian,4,0,4,4,0,0,92
29,7,-1.36,7,3,1,No Caucasian,4,0,4,4,3,0,94
30,7,-2.09,4,2,1,No Caucasian,5,0,0,4,3,0,89
31,7,-2.4,3,2,0,Caucasian,5,0,0,4,3,0,60
32,7,-2.94,2,2,1,No Caucasian,5,0,2,4,1,0,67
33,7,-4.28,1,2,1,Caucasian,5,0,5,1,1,0,55
34,7,-1.62,6,2,1,No Caucasian,5,0,0,4,2,0,84
35,7,-3.14,1,2,0,Caucasian,5,0,0,4,1,0,74
36,7,-2.3,3,2,1,No Caucasian,5,0,0,4,1,0,87
37,7,-1.88,5,2,1,No Caucasian,5,0,0,4,2,0,91
38,7,-3.91,1,3,1,Caucasian,4,0,4,0,1,0,43
39,7,-2.22,4,2,1,Caucasian,4,0,4,4,1,0,77
40,7,-1.38,7,2,0,No Caucasian,5,0,0,4,3,0,87
41,7,-2.51,3,2,1,No Caucasian,5,0,0,4,2,0,84
42,7,-1.21,8,1,1,No Caucasian,0,0,4,4,0,0,89
43,7,-3.86,1,2,0,No Caucasian,5,0,0,4,1,0,67
44,7,-2.85,2,2,1,No Caucasian,5,0,0,1,1,0,83
45,7,-2.44,3,2,1,Caucasian,5,0,2,4,1,0,77
46,7,-2.38,3,2,0,No Caucasian,5,0,0,4,2,0,79
47,7,-0.89,9,2,1,Caucasian,5,0,0,4,0,0,92
48,7,-1.66,6,2,1,No Caucasian,5,0,0,4,2,0,86
49,7,-2.21,4,2,1,No Caucasian,5,0,0,0,2,0,85
50,7,-0.77,9,2,1,No Caucasian,5,0,0,4,0,0,87
51,7,-3.49,1,3,1,Caucasian,4,0,4,4,1,0,68
52,7,-2.97,1,3,1,No Caucasian,4,0,4,4,1,0,82
53,7,-2.89,2,2,1,No Caucasian,5,0,0,4,1,0,71
54,7,-3.46,1,2,0,No Caucasian,5,0,0,0,1,0,78
55,7,-3.37,1,2,1,No Caucasian,5,0,0,1,1,0,66
56,7,-1.98,4,2,1,No Caucasian,5,0,0,4,1,0,87
57,7,-2.6,2,3,0,No Caucasian,4,0,4,4,1,0,82
58,7,-3.47,1,2,1,No Caucasian,5,0,0,1,1,0,73
59,7,-3.93,1,2,1,Caucasian,5,0,0,1,1,0,59
60,7,-4.16,1,3,1,Caucasian,4,0,4,0,1,0,47
61,7,-2.6,2,2,1,No Caucasian,5,0,0,4,1,0,62
62,7,-2.18,4,2,0,Caucasian,5,0,2,4,1,0,92
63,7,-2.64,2,2,1,No Caucasian,5,0,0,1,1,0,70
64,7,-1.64,6,2,1,No Caucasian,5,0,0,4,2,0,88
65,7,-2.24,3,2,1,No Caucasian,5,0,0,4,1,0,90
66,7,-3.73,1,2,1,Caucasian,5,0,0,1,1,0,65
67,7,-1.42,7,3,1,No Caucasian,5,0,0,4,2,0,91
68,7,-3.19,1,2,1,Caucasian,5,0,2,4,1,0,82
69,7,-2.32,3,2,1,No Caucasian,5,0,0,4,1,0,91
70,7,-2.45,3,3,0,No Caucasian,4,0,4,4,1,0,85
71,7,-2.82,2,2,1,No Caucasian,5,0,0,4,1,0,87
72,7,-2.23,4,3,1,No Caucasian,4,0,4,4,3,0,63
73,7,-2.71,2,3,0,No Caucasian,2,0,4,4,1,0,87
74,7,-0.95,9,2,1,No Caucasian,5,0,0,4,0,0,84
75,7,-2.5,3,2,1,Caucasian,4,0,4,4,2,0,79
76,7,-2.97,1,2,0,Caucasian,5,0,0,4,1,0,55
77,7,-1.45,7,2,1,Caucasian,5,0,2,4,3,0,86
78,7,-2.15,4,2,1,No Caucasian,5,0,2,4,1,0,90
79,7,-0.93,9,2,1,No Caucasian,5,0,0,4,3,0,82
80,7,-3.24,1,3,1,No Caucasian,4,0,4,4,1,0,81
81,7,-2.58,2,2,1,No Caucasian,5,0,0,4,1,0,85
82,7,-2.48,3,3,0,Caucasian,4,0,4,4,2,0,84
83,7,-1.7,6,3,1,No Caucasian,4,0,4,4,2,0,94
84,7,-1.68,6,2,1,No Caucasian,5,0,0,4,3,0,87
85,7,-2.63,2,2,1,No Caucasian,5,0,0,4,1,0,59
86,7,-2.52,3,2,1,No Caucasian,5,0,0,4,1,0,87
87,7,-1.29,7,2,1,No Caucasian,5,0,0,4,2,0,82
88,7,-3.32,1,3,1,Caucasian,4,0,4,4,1,0,68
89,7,-1.9,5,2,1,No Caucasian,5,0,0,4,3,0,88
90,7,-2.51,3,2,1,No Caucasian,5,0,0,4,1,0,85
91,7,-3.06,1,3,1,Caucasian,4,0,4,4,1,0,64
92,7,-2.68,2,2,1,No Caucasian,5,0,0,4,3,0,67
93,7,-1.98,4,2,1,Caucasian,5,0,0,1,1,0,83
94,7,-1.54,6,2,1,Caucasian,5,0,0,4,3,0,75
95,7,-1.56,6,2,1,No Caucasian,5,0,0,4,2,0,94
96,7,-1.8,5,2,1,No Caucasian,5,0,0,4,1,0,90
97,7,-2.07,4,2,1,No Caucasian,5,0,0,4,2,0,89
98,7,-2.76,2,3,1,No Caucasian,4,0,4,4,1,0,82
99,7,-3.05,1,2,1,No Caucasian,4,0,4,4,1,0,81
100,7,-3.01,1,3,0,No Caucasian,2,1,4,1,1,0,80
101,7,-2.2,4,3,1,No Caucasian,0,0,4,4,1,0,91
102,7,-2.51,3,3,1,No Caucasian,5,0,2,4,2,0,44
103,7,-2.92,2,2,1,Caucasian,5,0,0,0,2,0,60
104,7,-2.53,3,2,1,No Caucasian,5,0,0,1,1,0,59
105,7,-0.79,9,2,1,No Caucasian,5,0,0,4,0,0,86
106,7,-1.51,6,2,1,No Caucasian,5,0,0,4,3,0,91
107,7,-3.92,1,3,1,No Caucasian,2,0,4,2,1,0,64
108,7,-2.43,3,2,1,Caucasian,5,0,0,0,1,0,62
109,7,-1.48,7,2,1,No Caucasian,5,0,0,4,3,0,92
110,7,-1.4,7,2,1,No Caucasian,5,0,0,4,3,0,92
111,7,-3.53,1,2,1,No Caucasian,4,0,4,4,1,0,68
112,7,-1.73,6,2,1,No Caucasian,4,0,4,4,2,0,86
113,7,-1.52,6,2,1,Caucasian,5,0,0,4,2,0,93
114,7,-4.35,1,2,1,Caucasian,5,0,0,1,1,0,54
115,7,-1.12,8,2,1,No Caucasian,5,0,0,0,0,0,91
116,7,-0.92,9,2,1,No Caucasian,4,0,5,4,0,0,92
117,7,-1.48,7,1,1,No Caucasian,5,0,0,4,2,0,90
118,7,-2.18,4,2,1,Caucasian,5,0,0,4,1,0,91
119,7,-1.54,6,2,1,No Caucasian,5,0,2,4,2,0,84
120,7,-1.93,5,2,1,No Caucasian,5,0,0,4,2,0,90
121,7,-2.55,3,2,1,No Caucasian,5,0,0,1,1,0,67
122,7,-2.71,2,3,1,No Caucasian,4,0,4,4,1,0,85
123,7,-2.48,3,3,1,No Caucasian,4,0,4,4,1,0,90
124,7,-2.74,2,3,1,No Caucasian,2,0,4,4,1,0,87
125,7,-1.81,5,2,1,No Caucasian,5,0,0,4,2,0,86
126,7,-2.37,3,2,1,No Caucasian,5,0,0,4,1,0,88
127,7,-2.35,3,2,1,Caucasian,5,0,0,4,2,0,77
128,7,-2.71,2,3,0,No Caucasian,4,0,4,4,1,0,88
129,7,-2.58,2,2,0,Caucasian,4,0,4,4,1,0,64
130,7,-1.73,6,2,0,No Caucasian,5,0,0,4,2,0,83
131,7,-1.53,6,2,1,No Caucasian,5,0,0,3,3,0,84
132,7,-1.34,7,2,1,No Caucasian,5,0,0,4,2,0,92
133,7,-2.33,3,2,1,No Caucasian,5,0,0,4,3,0,85
134,7,-1.79,5,2,1,No Caucasian,5,0,0,4,1,0,93
135,7,-1.8,5,2,1,No Caucasian,5,0,0,4,1,0,79
136,7,-1.39,7,2,1,No Caucasian,5,0,0,4,3,0,81
137,7,-1.6,6,2,0,Caucasian,5,0,0,4,2,0,94
138,7,-1.62,6,2,1,No Caucasian,5,0,0,4,2,0,89
139,7,-3.75,1,2,1,Caucasian,5,0,0,1,1,0,71
140,7,-1.69,6,2,0,No Caucasian,5,0,0,4,3,0,80
141,7,-4.35,1,2,1,Caucasian,5,0,0,0,1,0,53
142,7,-4.08,1,2,0,No Caucasian,5,0,0,1,1,0,56
143,7,-0.73,9,2,1,No Caucasian,5,0,0,3,0,0,89
144,7,-2.17,4,2,1,Caucasian,5,0,0,4,1,0,88
145,7,-2.48,3,2,1,No Caucasian,5,0,0,4,1,0,60
146,7,-3.56,1,2,1,Caucasian,5,0,0,4,1,0,70
147,7,-0.85,9,2,1,Caucasian,5,0,0,4,0,0,91
148,7,-4.5,1,2,1,No Caucasian,5,0,0,1,1,0,33
149,7,-0.62,10,2,1,No Caucasian,5,0,0,1,0,0,87
150,7,-2.77,2,2,0,No Caucasian,5,0,0,4,1,0,66
151,7,-1.54,6,2,1,No Caucasian,5,0,0,4,2,0,84
152,7,-2.4,3,2,1,No Caucasian,5,0,0,4,1,0,61
153,7,-2.9,2,2,1,Caucasian,5,0,0,4,1,0,85
154,7,-3.25,1,2,1,No Caucasian,5,0,0,1,1,0,70
155,7,-1.86,5,2,1,No Caucasian,5,0,0,4,1,0,92
156,7,-2.2,4,2,1,Caucasian,5,0,0,2,1,0,72
157,7,-3.61,1,2,1,No Caucasian,5,0,0,1,1,0,75
158,7,-2.76,2,2,0,No Caucasian,5,0,0,1,1,0,85
159,7,-4.08,1,2,1,No Caucasian,5,0,0,1,1,0,55
160,7,-3.03,1,2,0,No Caucasian,5,0,0,4,1,0,77
161,7,-1.91,5,2,1,No Caucasian,5,0,0,4,1,0,88
162,7,-1.75,5,2,1,No Caucasian,5,0,0,4,1,0,85
163,7,-2.92,2,3,0,No Caucasian,4,0,4,1,1,0,81
164,7,-3.87,1,3,0,Caucasian,2,0,4,0,1,0,61
165,7,-3.5,1,3,1,Caucasian,4,0,4,4,1,0,69
166,7,-1.95,5,2,1,No Caucasian,5,0,0,4,1,0,93
167,7,-3.33,1,2,1,No Caucasian,5,0,0,2,1,0,79
168,7,-1.76,5,2,1,No Caucasian,5,0,0,4,2,0,88
169,7,-0.69,9,2,1,No Caucasian,5,0,0,4,0,0,75
170,7,-3.87,1,2,1,Caucasian,4,0,4,0,1,0,68
171,7,-1.23,8,2,0,Caucasian,5,0,2,4,3,0,96
172,7,-2.32,3,2,1,Caucasian,4,0,4,1,2,0,76
173,7,-3.04,1,3,1,Caucasian,4,0,4,0,1,0,82
174,7,-2.56,2,2,1,No Caucasian,5,0,0,4,1,0,88
175,7,-2.55,3,3,1,No Caucasian,4,0,4,1,2,0,78
176,7,-2.17,4,2,1,No Caucasian,5,0,0,4,2,0,73
177,7,-2.41,3,2,1,Caucasian,5,0,0,4,3,0,81
178,7,-2.8,2,3,0,Caucasian,4,0,4,4,1,0,86
179,7,-2.13,4,2,1,Caucasian,5,0,0,1,1,0,81
180,7,-1.11,8,2,1,No Caucasian,5,0,0,4,0,0,66
181,7,-2.23,4,3,0,No Caucasian,2,0,4,4,2,0,89
182,7,-2.69,2,2,1,Caucasian,5,0,0,4,1,0,76
183,7,-1.84,5,2,1,No Caucasian,5,0,0,3,1,0,91
184,7,-3.35,1,3,1,No Caucasian,5,0,0,2,1,0,77
185,7,-2.62,2,3,1,No Caucasian,2,0,4,4,1,0,86
186,7,-2.31,3,3,0,No Caucasian,4,0,4,4,1,0,77
187,7,-2.36,3,2,1,No Caucasian,5,0,0,4,2,0,86
188,7,-2.55,3,2,1,No Caucasian,5,0,0,4,1,0,86
189,7,-2.06,4,2,1,No Caucasian,5,0,0,1,1,0,79
190,7,-1.37,7,2,0,No Caucasian,5,0,0,4,3,0,85
191,7,-1.65,6,2,0,Caucasian,5,0,0,4,2,0,91
192,7,-3.41,1,2,0,No Caucasian,5,0,0,4,1,0,76
193,7,-1.4,7,2,1,No Caucasian,5,0,0,4,3,0,69
194,7,-2.34,3,2,1,No Caucasian,5,0,0,4,2,0,87
195,7,-2.8,2,3,1,Caucasian,2,0,4,1,1,0,61
196,7,-1.91,5,3,1,No Caucasian,4,0,4,4,1,0,93
197,7,-3.38,1,2,0,Caucasian,5,0,2,4,1,0,74
198,7,-3.97,1,2,1,Caucasian,2,0,4,0,1,0,65
199,7,-1.08,8,2,1,No Caucasian,5,0,0,4,0,0,90
200,7,-1.9,5,3,1,No Caucasian,4,0,4,4,2,0,65
201,7,-2.71,2,2,1,Caucasian,5,0,0,3,1,0,83
202,7,-4.32,1,2,1,Caucasian,5,0,0,6,1,0,47
203,7,-2.13,4,2,0,No Caucasian,5,0,0,4,1,0,90
204,7,-2.23,4,3,1,No Caucasian,4,0,4,4,1,0,90
205,7,-4.06,1,2,1,Caucasian,2,0,4,2,1,0,60
206,7,-1.91,5,2,1,No Caucasian,5,0,0,4,1,0,93
207,7,-3.88,1,2,1,No Caucasian,5,0,0,4,1,0,54
208,7,-1.24,8,2,1,No Caucasian,4,0,4,4,3,0,93
209,7,-3.2,1,3,0,No Caucasian,4,0,4,4,1,0,81
210,7,-1.08,8,3,1,No Caucasian,2,0,4,4,0,0,94
211,7,-2.24,3,1,1,No Caucasian,6,0,4,4,3,0,77
212,7,-2.33,3,2,1,No Caucasian,5,0,0,4,1,0,90
213,7,-3.2,1,3,0,No Caucasian,2,0,4,4,1,0,81
214,7,-2.34,3,3,1,Caucasian,2,0,4,4,1,0,91
215,7,-1.34,7,2,1,Caucasian,5,0,0,4,2,0,92
216,7,-4.38,1,3,1,Caucasian,2,0,4,1,1,0,50
217,7,-3.0,1,3,1,No Caucasian,2,1,4,1,1,0,79
218,7,-2.97,1,3,1,Caucasian,4,0,4,4,1,0,84
219,7,-3.47,1,3,1,No Caucasian,0,0,4,1,1,0,70
220,7,-1.18,8,2,1,No Caucasian,5,0,0,4,0,0,94
221,7,-2.45,3,3,1,No Caucasian,4,0,4,4,1,0,82
222,7,-3.43,1,2,1,Caucasian,5,0,0,4,1,0,77
223,7,-1.22,8,2,1,No Caucasian,5,0,0,4,3,0,94
224,7,-3.74,1,2,1,No Caucasian,5,0,0,1,1,0,58
225,7,-2.49,3,2,1,Caucasian,5,0,0,4,1,0,89
226,7,-1.51,6,2,0,No Caucasian,4,0,4,2,3,0,88
227,7,-2.84,2,2,0,Caucasian,4,0,4,4,2,0,70
228,7,-1.69,6,3,0,No Caucasian,2,0,4,4,2,0,87
229,7,-0.31,10,2,0,No Caucasian,5,0,2,4,0,0,87
230,7,-2.73,2,2,1,No Caucasian,5,0,0,4,1,0,66
231,7,-3.98,1,3,0,Caucasian,4,0,4,0,1,0,63
232,7,-0.78,9,2,1,No Caucasian,5,0,2,4,3,0,93
233,7,-2.98,1,2,1,Caucasian,5,0,0,4,1,0,66
234,7,-2.95,1,2,0,No Caucasian,5,0,0,4,1,0,84
235,7,-3.47,1,3,0,No Caucasian,4,0,4,1,1,0,72
236,7,-1.53,6,2,1,No Caucasian,5,0,4,4,2,0,89
237,7,-3.18,1,2,1,No Caucasian,5,0,0,4,1,0,77
238,7,-3.06,1,2,1,No Caucasian,5,0,0,4,1,0,80
239,7,-1.38,7,2,1,No Caucasian,5,0,0,4,3,0,86
240,7,-1.96,5,2,1,No Caucasian,5,0,0,4,1,0,89
241,7,-2.26,3,3,1,No Caucasian,4,0,4,4,2,0,76
242,7,-1.4,7,2,1,No Caucasian,5,0,0,4,2,0,93
243,7,-2.09,4,2,1,No Caucasian,5,0,0,0,1,0,72
244,7,-1.67,6,3,1,No Caucasian,4,0,4,4,3,0,83
245,7,-2.86,2,1,1,No Caucasian,4,0,4,4,1,0,85
246,7,-2.72,2,2,1,No Caucasian,5,0,0,4,1,0,61
247,7,-2.78,2,2,1,No Caucasian,5,0,0,1,2,0,77
248,7,-2.39,3,3,1,No Caucasian,4,0,4,2,1,0,61
249,7,-3.24,1,3,1,Caucasian,4,0,4,0,1,0,71
250,7,-1.61,6,2,1,No Caucasian,5,0,0,4,2,0,90
251,7,-1.85,5,2,1,No Caucasian,5,0,0,4,3,0,91
252,7,-2.33,3,3,0,No Caucasian,4,1,4,4,2,0,91
253,7,0.03,10,2,1,No Caucasian,5,0,0,3,0,0,88
254,7,-2.03,4,2,1,No Caucasian,5,0,0,1,1,0,82
255,7,-3.71,1,3,1,No Caucasian,2,0,4,2,1,0,56
256,7,-3.07,1,2,0,Caucasian,5,0,2,0,1,0,61
257,7,-3.7,1,2,1,No Caucasian,5,0,0,1,1,0,56
258,7,-2.22,4,2,0,No Caucasian,5,0,0,4,1,0,92
259,7,-1.96,5,2,1,No Caucasian,5,0,0,3,1,0,91
260,7,-2.63,2,3,1,No Caucasian,4,0,4,4,1,0,84
261,7,-2.41,3,2,0,No Caucasian,5,0,0,4,1,0,88
262,7,-1.09,8,2,1,No Caucasian,5,0,0,4,0,0,87
263,7,-2.84,2,2,1,Caucasian,5,0,0,4,1,0,76
264,7,-1.82,5,2,1,Caucasian,5,0,0,4,1,0,81
265,7,-2.67,2,2,1,No Caucasian,5,0,0,4,1,0,86
266,7,-3.46,1,2,0,No Caucasian,5,0,2,1,1,0,69
267,7,-2.32,3,2,1,No Caucasian,5,0,0,4,1,0,91
268,7,-1.45,7,2,0,No Caucasian,4,0,4,4,3,0,83
269,7,-3.5,1,2,1,Caucasian,5,0,0,4,1,0,54
270,7,-3.33,1,2,1,No Caucasian,5,0,0,4,1,0,80
271,7,-2.09,4,2,1,No Caucasian,5,0,2,4,2,0,71
272,7,-2.18,4,2,1,Caucasian,5,0,0,4,1,0,88
273,7,-4.12,1,3,1,No Caucasian,2,0,4,4,1,0,47
274,7,-0.94,9,2,1,No Caucasian,5,0,2,4,0,0,85
275,7,-2.04,4,2,1,No Caucasian,5,0,0,4,1,0,92
276,7,-2.9,2,3,1,No Caucasian,4,0,4,1,1,0,85
277,7,-1.23,8,2,1,Caucasian,5,0,0,4,0,0,90
278,7,-1.38,7,3,1,Caucasian,4,0,4,4,3,0,87
279,7,-1.73,6,2,1,No Caucasian,5,0,0,4,2,0,87
280,7,-2.45,3,3,1,Caucasian,2,0,4,2,1,0,75
281,7,-3.04,1,2,1,No Caucasian,5,0,2,4,1,0,79
282,7,-1.07,8,2,1,No Caucasian,5,0,0,4,3,0,88
283,7,-1.94,5,2,0,No Caucasian,5,0,0,4,3,0,78
284,7,-2.7,2,2,0,Caucasian,4,0,4,4,2,0,85
285,7,-2.01,4,2,1,Caucasian,5,0,0,4,1,0,90
286,7,-2.64,2,2,0,No Caucasian,5,0,0,4,1,0,85
287,7,-3.91,1,3,1,Caucasian,4,0,4,4,1,0,59
288,7,-1.6,6,2,1,Caucasian,5,0,0,4,2,0,94
289,7,-1.36,7,2,1,No Caucasian,4,0,4,4,3,0,85
290,7,-1.31,7,2,1,Caucasian,5,0,0,4,2,0,89
291,7,-2.52,3,2,1,No Caucasian,5,0,2,4,1,0,90
292,7,-3.09,1,2,0,Caucasian,5,0,0,4,1,0,75
293,7,-2.88,2,3,1,Caucasian,4,0,4,4,1,0,71
294,7,-2.28,3,3,1,Caucasian,5,0,2,3,1,0,83
295,7,-2.41,3,2,1,No Caucasian,5,0,0,4,1,0,82
296,7,-2.97,1,3,1,Caucasian,4,0,0,4,1,0,56
297,7,-2.3,3,2,1,No Caucasian,5,0,0,4,1,0,90
298,7,-1.54,6,2,0,No Caucasian,5,0,0,4,3,0,92
299,7,-3.87,1,2,0,No Caucasian,5,0,0,4,1,0,59
300,7,-1.7,6,2,1,No Caucasian,5,0,0,4,2,0,93
301,7,-2.7,2,3,1,No Caucasian,4,0,4,4,1,0,83
302,7,-1.9,5,2,1,No Caucasian,4,0,4,4,2,0,91
303,7,-4.45,1,2,1,Caucasian,5,0,0,4,1,0,42
304,7,-1.55,6,2,1,No Caucasian,5,0,0,4,3,0,81
305,7,-0.83,9,2,0,No Caucasian,5,0,0,4,0,0,83
306,7,-1.15,8,2,1,No Caucasian,5,0,0,4,0,0,79
307,7,-0.74,9,2,1,No Caucasian,5,0,0,4,0,0,92
308,7,-3.35,1,2,1,No Caucasian,5,0,0,4,1,0,80
309,7,-0.99,9,2,1,No Caucasian,4,0,4,4,0,0,90
310,7,-2.75,2,2,1,Caucasian,0,0,4,4,1,0,76
311,7,-1.8,5,2,0,No Caucasian,5,0,0,4,1,0,92
312,7,-2.9,2,3,0,No Caucasian,4,0,4,4,1,0,84
313,7,-1.87,5,2,1,No Caucasian,5,0,0,4,1,0,93
314,7,-2.67,2,2,0,No Caucasian,5,0,2,4,1,0,83
315,7,-3.05,1,2,1,No Caucasian,5,0,0,4,1,0,79
316,7,-1.27,7,2,1,No Caucasian,5,0,0,4,3,0,93
317,7,-1.64,6,3,0,No Caucasian,4,0,4,4,3,0,88
318,7,-2.79,2,2,1,No Caucasian,5,0,0,4,2,0,82
319,7,-1.66,6,2,1,Caucasian,5,0,2,0,2,0,69
320,7,-1.56,6,2,1,Caucasian,5,0,0,1,2,0,74
321,7,-2.25,3,3,0,No Caucasian,4,0,0,4,1,0,90
322,7,-2.43,3,2,1,Caucasian,5,0,0,4,1,0,87
323,7,-2.2,4,2,1,No Caucasian,5,0,0,4,1,0,91
324,7,-2.0,4,3,0,No Caucasian,4,0,4,4,2,0,86
325,7,-3.55,1,2,1,Caucasian,5,0,0,4,1,0,68
326,7,-1.56,6,2,1,No Caucasian,5,0,0,4,2,0,91
327,7,-2.92,2,2,0,No Caucasian,5,0,0,2,1,0,84
328,7,-1.84,5,2,1,Caucasian,5,0,0,0,1,0,81
329,7,-2.02,4,2,1,No Caucasian,5,0,0,4,3,0,79
330,7,-2.2,4,2,0,Caucasian,5,0,0,4,1,0,91
331,7,-2.95,1,2,1,No Caucasian,4,0,4,2,1,0,82
332,7,-2.19,4,2,1,No Caucasian,5,0,0,4,1,0,91
333,7,-2.58,2,2,1,No Caucasian,5,0,0,3,1,0,73
334,7,-3.51,1,2,1,No Caucasian,5,0,0,1,1,0,71
335,7,-1.76,5,2,1,No Caucasian,5,0,0,4,1,0,90
336,7,-1.82,5,2,1,No Caucasian,5,0,0,4,1,0,88
337,7,-2.0,4,2,1,No Caucasian,5,0,0,4,1,0,91
338,7,-3.66,1,3,0,Caucasian,4,0,4,4,1,0,68
339,7,-3.47,1,2,0,Caucasian,5,0,2,1,1,0,69
340,7,-4.27,1,2,1,Caucasian,5,0,0,1,1,0,54
341,7,-0.59,10,1,1,No Caucasian,5,0,0,4,0,0,90
342,7,-0.87,9,2,1,No Caucasian,5,0,0,4,0,0,74
343,7,-1.05,8,2,1,No Caucasian,5,0,0,4,0,0,86
344,7,-2.29,3,2,1,No Caucasian,5,0,0,4,3,0,76
345,7,-2.33,3,2,0,Caucasian,5,0,0,0,2,0,65
346,7,-4.13,1,2,1,Caucasian,5,0,0,4,1,0,57
347,7,-1.98,4,2,1,Caucasian,5,0,0,4,2,0,91
348,7,-2.73,2,2,1,No Caucasian,5,0,0,4,2,0,85
349,7,-2.4,3,2,1,No Caucasian,5,0,0,4,1,0,86
350,7,-1.28,7,2,1,No Caucasian,5,0,0,4,3,0,88
351,7,-0.71,9,2,1,No Caucasian,5,0,0,4,0,0,62
352,7,-2.26,3,2,1,No Caucasian,5,0,0,4,3,0,85
353,7,-1.88,5,2,0,Caucasian,5,0,0,4,3,0,83
354,7,-3.12,1,2,1,Caucasian,5,0,0,4,1,0,81
355,7,-2.43,3,2,1,Caucasian,5,0,0,4,3,0,85
356,7,-2.6,2,2,1,Caucasian,5,0,0,4,1,0,85
357,7,-2.76,2,2,1,Caucasian,5,0,0,4,2,0,75
358,7,-1.76,5,2,1,No Caucasian,5,0,3,4,1,0,91
359,7,-1.63,6,2,1,No Caucasian,5,0,0,4,2,0,73
360,7,-1.72,6,2,1,Caucasian,5,0,0,4,2,0,92
361,7,-2.74,2,2,1,Caucasian,5,0,0,4,1,0,51
362,7,-1.29,7,2,1,Caucasian,5,0,0,4,3,0,93
363,7,-2.14,4,2,0,No Caucasian,5,0,0,4,2,0,78
364,7,-3.95,1,2,1,Caucasian,5,0,0,4,1,0,63
365,7,-1.98,4,2,1,No Caucasian,5,0,0,4,3,0,84
366,7,-1.01,8,2,1,No Caucasian,5,0,0,4,0,0,86
367,7,-2.15,4,2,1,Caucasian,5,0,0,4,3,0,89
368,7,-0.98,9,2,1,No Caucasian,5,0,0,4,0,0,93
369,7,-2.24,3,2,1,Caucasian,5,0,0,1,1,0,84
370,7,-3.26,1,2,1,Caucasian,5,0,0,4,1,0,67
371,7,-1.96,5,2,1,No Caucasian,5,0,0,4,1,0,91
372,7,-3.21,1,2,1,No Caucasian,5,0,0,4,1,0,61
373,7,-3.06,1,2,1,No Caucasian,5,0,0,1,1,0,81
374,7,-3.94,1,2,1,No Caucasian,5,0,0,4,1,0,29
375,7,-3.78,1,2,1,Caucasian,5,0,0,4,1,0,54
376,7,-1.74,5,2,1,Caucasian,5,0,0,4,2,0,76
377,7,-2.72,2,2,1,No Caucasian,5,0,0,1,1,0,78
378,7,-3.64,1,2,0,Caucasian,5,0,0,4,1,0,64
379,7,-3.9,1,2,1,Caucasian,5,0,0,0,1,0,62
380,7,-3.85,1,2,1,No Caucasian,5,0,0,4,1,0,57
381,7,-0.53,10,2,1,No Caucasian,5,0,0,4,0,0,89
382,7,-1.02,8,2,1,Caucasian,5,0,0,4,0,0,84
383,7,-2.66,2,2,1,No Caucasian,5,0,0,1,1,0,77
384,7,-2.11,4,2,1,Caucasian,5,0,0,1,3,0,84
385,7,-3.83,1,2,1,No Caucasian,5,0,0,1,1,0,67
386,7,-3.36,1,2,1,Caucasian,5,0,0,1,1,0,72
387,7,-1.59,6,2,1,No Caucasian,5,0,0,4,3,0,93
388,7,-4.15,1,2,1,Caucasian,5,0,0,4,1,0,50
389,7,-2.63,2,2,1,No Caucasian,5,0,0,4,2,0,85
390,7,-3.55,1,2,1,No Caucasian,5,0,0,4,1,0,70
391,7,-4.18,1,2,1,Caucasian,5,0,0,1,1,0,58
392,7,-1.61,6,2,1,Caucasian,5,0,0,4,2,0,95
393,7,-1.64,6,2,1,No Caucasian,5,0,0,1,3,0,83
394,7,-2.44,3,2,1,No Caucasian,5,0,0,1,1,0,88
395,7,-2.18,4,2,1,Caucasian,5,0,0,4,1,0,70
396,7,-2.36,3,3,1,Caucasian,4,0,4,4,1,0,86
397,7,-2.43,3,3,1,Caucasian,4,0,4,4,1,0,89
398,7,-0.05,10,1,0,Caucasian,4,0,2,4,0,0,94
399,7,-1.91,5,2,0,Caucasian,5,0,0,4,2,0,93
400,7,-3.27,1,2,0,Caucasian,5,0,2,1,1,0,74
401,7,-1.56,6,3,1,No Caucasian,4,0,4,4,2,0,94
402,7,-3.79,1,2,0,Caucasian,5,0,0,1,1,0,70
403,7,-2.48,3,3,1,No Caucasian,4,0,4,4,1,0,90
404,7,-2.33,3,2,1,No Caucasian,4,0,4,0,2,0,68
405,7,-1.9,5,2,1,No Caucasian,5,0,0,4,2,0,91
406,7,-2.41,3,2,1,No Caucasian,5,0,0,4,3,0,85
407,7,-2.15,4,2,1,No Caucasian,5,0,0,4,2,0,88
408,7,-1.5,6,2,0,No Caucasian,5,0,2,4,3,0,93
409,7,-1.96,5,2,1,No Caucasian,4,0,4,4,2,0,91
410,7,-2.17,4,2,1,No Caucasian,5,0,0,4,1,0,90
411,7,-2.58,2,3,0,No Caucasian,4,0,4,4,2,0,87
412,7,-2.72,2,2,1,No Caucasian,5,0,0,4,1,0,58
413,7,-2.62,2,2,0,No Caucasian,5,0,0,4,1,0,87
414,7,-2.08,4,2,1,No Caucasian,5,0,0,4,1,0,91
415,7,-2.39,3,2,0,Caucasian,5,0,0,4,1,0,87
416,7,-2.94,2,3,1,No Caucasian,4,0,4,4,1,0,83
417,7,-1.61,6,2,1,No Caucasian,5,0,0,4,3,0,84
418,7,-4.01,1,3,1,No Caucasian,4,0,4,1,1,0,54
419,7,-2.07,4,2,1,Caucasian,5,0,0,4,1,0,81
420,7,-2.95,1,2,1,Caucasian,4,0,4,1,1,0,54
421,7,-3.28,1,3,0,No Caucasian,4,0,4,4,1,0,79
422,7,-2.77,2,3,1,Caucasian,0,0,4,4,1,0,87
423,7,-2.68,2,2,0,Caucasian,4,0,2,4,2,0,76
424,7,-3.85,1,3,1,No Caucasian,4,0,4,1,1,0,66
425,7,-2.69,2,3,1,No Caucasian,4,0,4,4,1,0,85
426,7,-2.74,2,2,1,No Caucasian,5,0,0,4,1,0,78
427,7,-2.06,4,3,1,No Caucasian,4,0,4,4,2,0,92
428,7,-1.71,6,2,1,No Caucasian,5,0,0,1,2,0,78
429,7,-0.35,10,2,1,No Caucasian,5,0,0,4,0,0,87
430,7,-2.11,4,3,1,No Caucasian,0,0,4,4,2,0,75
431,7,-2.8,2,2,1,No Caucasian,5,0,0,1,1,0,77
432,7,-2.4,3,2,0,No Caucasian,5,0,2,4,3,0,69
433,7,-1.42,7,2,0,No Caucasian,5,0,2,4,3,0,90
434,7,-2.16,4,2,1,No Caucasian,4,0,4,1,2,0,78
435,7,-3.21,1,2,0,Caucasian,5,0,0,4,1,0,65
436,7,-2.58,2,3,0,No Caucasian,4,0,4,4,1,0,84
437,7,-3.14,1,2,0,No Caucasian,5,0,0,4,1,0,64
438,7,-0.74,9,2,1,No Caucasian,5,0,0,4,0,0,93
439,7,-1.26,7,3,0,No Caucasian,5,0,0,4,3,0,93
440,7,-1.77,5,2,1,Caucasian,5,0,0,4,1,0,94
441,7,-2.22,4,3,0,No Caucasian,4,0,4,4,1,0,92
442,7,-2.33,3,3,1,No Caucasian,4,0,4,4,3,0,81
443,7,-1.31,7,2,1,No Caucasian,5,0,0,4,2,0,94
444,7,-2.76,2,3,1,Caucasian,4,0,4,1,2,0,78
445,7,-2.6,2,2,1,Caucasian,5,0,0,4,1,0,83
446,7,-2.36,3,2,1,No Caucasian,5,0,0,4,1,0,91
447,7,-2.51,3,2,0,Caucasian,5,0,2,4,1,0,89
448,7,-2.5,3,2,1,Caucasian,5,0,0,1,2,0,88
449,7,-2.82,2,2,1,No Caucasian,5,0,0,4,1,0,86
450,7,-2.18,4,2,0,No Caucasian,5,0,0,4,2,0,88
451,7,-1.55,6,2,1,No Caucasian,5,0,0,4,3,0,68
452,7,-1.76,5,2,1,Caucasian,5,0,0,4,1,0,92
453,7,-2.92,2,3,1,Caucasian,4,0,4,0,1,0,80
454,7,-1.51,6,3,1,No Caucasian,5,0,0,4,3,0,86
455,7,-1.44,7,2,1,No Caucasian,5,0,0,4,2,0,91
456,7,-3.24,1,3,0,Caucasian,4,0,4,4,1,0,81
457,7,-1.86,5,2,1,Caucasian,5,0,0,4,1,0,91
458,7,-3.52,1,2,1,Caucasian,5,0,0,4,1,0,66
459,7,-1.65,6,2,1,Caucasian,5,0,2,4,3,0,74
460,7,-3.48,1,3,1,Caucasian,4,0,4,2,1,0,68
461,7,-2.63,2,2,1,No Caucasian,5,0,0,1,2,0,83
462,7,-1.4,7,3,1,No Caucasian,4,0,4,4,3,0,94
463,7,-1.8,5,3,1,Caucasian,4,0,4,4,2,0,93
464,7,-0.81,9,2,1,No Caucasian,5,0,0,4,3,0,92
465,7,-2.2,4,2,1,No Caucasian,5,0,0,4,1,0,89
466,7,-2.74,2,2,1,Caucasian,5,0,0,4,1,0,86
467,7,-1.45,7,2,1,No Caucasian,5,0,0,4,2,0,80
468,7,-2.31,3,3,1,No Caucasian,4,0,4,4,1,0,87
469,7,-2.48,3,2,1,No Caucasian,5,0,0,4,2,0,79
470,7,-2.33,3,2,1,No Caucasian,5,0,0,4,3,0,64
471,7,-0.95,9,1,1,No Caucasian,5,0,4,4,3,0,92
472,7,-1.75,5,2,1,Caucasian,5,0,0,4,3,0,86
473,7,-1.5,6,2,1,No Caucasian,5,0,0,4,3,0,83
474,7,-1.62,6,2,1,No Caucasian,5,0,0,4,2,0,93
475,7,-0.89,9,2,1,No Caucasian,5,0,0,4,0,0,94
476,7,-3.39,1,2,1,No Caucasian,5,0,0,4,1,0,54
477,7,-2.04,4,2,1,No Caucasian,4,0,4,4,3,0,90
478,7,-1.52,6,2,1,No Caucasian,5,0,0,4,2,0,93
479,7,-1.32,7,2,1,Caucasian,5,0,0,4,2,0,94
480,7,-1.6,6,2,0,No Caucasian,5,0,0,4,2,0,94
481,7,-1.48,7,3,1,No Caucasian,4,0,4,4,3,0,84
482,7,-3.02,1,3,0,Caucasian,4,0,4,4,1,0,84
483,7,-2.05,4,2,1,No Caucasian,5,0,0,4,2,0,80
484,7,-2.99,1,3,0,Caucasian,4,0,4,4,1,0,80
485,7,-2.53,3,2,1,No Caucasian,5,0,0,4,1,0,86
486,7,-1.98,4,3,1,No Caucasian,4,0,4,1,3,0,84
487,7,-3.21,1,3,1,Caucasian,4,0,4,2,1,0,62
488,7,-2.81,2,3,1,No Caucasian,4,0,4,4,1,0,83
489,7,-2.18,4,2,1,Caucasian,5,0,0,4,1,0,92
490,7,-3.43,1,2,1,Caucasian,5,0,2,0,1,0,54
491,7,-3.92,1,2,1,Caucasian,5,0,0,4,1,0,62
492,7,-1.97,5,3,1,No Caucasian,4,0,4,4,2,0,83
493,7,-0.67,9,2,1,No Caucasian,4,0,4,4,0,0,83
494,7,-2.4,3,3,1,Caucasian,5,0,0,1,1,0,77
495,7,-1.82,5,2,1,Caucasian,5,0,2,4,2,0,88
496,7,-2.98,1,2,1,Caucasian,5,0,0,4,1,0,84
497,7,-1.99,4,3,1,No Caucasian,4,0,4,4,2,0,78
498,7,-1.84,5,2,1,Caucasian,5,0,0,4,1,0,92
499,7,-2.11,4,2,1,No Caucasian,5,0,0,4,3,0,58
